{"127.0.0.1": {"last_generation_ts": 1772578642, "generation_timestamps": [1772123247], "count_used": 3, "window_end_ts": 1772946000, "last_attempt_ts": 1772578631.430801}, "3A5199F3-D3C0-452E-BE45-54A6E07531F4": {"last_generation_ts": 1773683550, "generation_timestamps": [1772123869, 1772123884, 1772123912, 1772123940, 1772123970, 1772124018, 1772124034, 1772124053, 1772124069, 1772124097], "last_attempt_ts": 1773683535.921879, "count_used": 4, "window_end_ts": 1774152000}}